{"_status": {"screeningAcc/2c73b825/mdrun_em/0000/b5936a8acd01159c5f2b92a83ea792a1": 1, "screeningAcc/2c73b825/mdrun_nvt/0000/7391497fdf7c7bd3b92fd1c9a1f9be9b": 1, "screeningAcc/2c73b825/shear_25nN_t/0000/4f6caa114c9ba9c04c18365a4c400382": 1, "screeningAcc/2c73b825/mdrun_compre/0000/6516183733ccbac5f58b6c7e36828f91": 1, "screeningAcc/2c73b825/calc_cof/0000/7c7c56ecdb0f0793c7ba85a37f4457d4": 1, "screeningAcc/2c73b825/mdrun_shear_/0000/f6337d88c492d087fc92aa7d7a00a2c5": 1, "screeningAcc/2c73b825/shear_15nN_t/0000/5d2e11e2f691d202031fd4ee39755c29": 1, "screeningAcc/2c73b825/mdrun_shear_/0000/c650378fcaf87cc274b41321a85ef81b": 1, "screeningAcc/2c73b825/em_grompp/0000/0e8453ecd050e948a7e6d211004cca3b": 1, "screeningAcc/2c73b825/lmp_to_gmx/0000/d18fdf73c61954dc0d6f2854770eebe3": 1, "screeningAcc/2c73b825/fix_overlaps/0000/e1dee8abda94cf11ec5bb258598de8ae": 1, "screeningAcc/2c73b825/nvt_equil_gr/0000/ca20a7bbe83099997998768be3cf4eaa": 1, "screeningAcc/2c73b825/shear_5nN_tr/0000/d67697e29489a4979e8a8a575468d210": 1, "screeningAcc/2c73b825/initialize_s/0000/8cf4dc9a689cc7a331934c8035465acd": 1, "screeningAcc/2c73b825/shear_25nN_x/0000/277d08bc1f9b696e4f31a6d873e33d8f": 1, "screeningAcc/2c73b825/compress_gro/0000/14d0456503560b171b2feafa13a1a1ef": 1, "screeningAcc/2c73b825/shear_5nN_xt/0000/b4e241c8859eeeec787238fb0e38ef75": 1, "screeningAcc/2c73b825/shear_25nN_g/0000/10a8c81ccde6c33ff4ff14ce6e721c1a": 1, "screeningAcc/2c73b825/calc_frictio/0000/877050c2f261b94ae2701e1d225a7675": 1, "screeningAcc/2c73b825/shear_15nN_x/0000/3d729769b06660f6f9966a3cc138ee61": 1, "screeningAcc/2c73b825/mdrun_shear_/0000/abf11381e8aedcdf3517c2ccf9abe101": 1, "screeningAcc/2c73b825/shear_15nN_g/0000/238be4fbcea4c5669f9ec4dd7b75ebbd": 1, "screeningAcc/2c73b825/shear_5nN_gr/0000/c30af21e9ceba118ba8338653f98da2f": 1}, "COF": 0.11667146558961666, "intercept": 5.920906703857515}