{"_status": {"screeningAcc/4d34b2f1/calc_cof/0000/8ef998439a66ce5025b2426536d1ad0e": 1, "screeningAcc/4d34b2f1/mdrun_em/0000/05216764b24f964f96b87d280055f087": 1, "screeningAcc/4d34b2f1/shear_15nN_x/0000/a090f51d063977ccc71c2a8576f525a8": 1, "screeningAcc/4d34b2f1/shear_5nN_gr/0000/95032142acb6a0ce088096878d8629c6": 1, "screeningAcc/4d34b2f1/shear_15nN_t/0000/01506cf75518b252dcd78277b413dfb1": 1, "screeningAcc/4d34b2f1/shear_25nN_t/0000/ab966d53343de6a88f5ed0ba3e5c3e4d": 1, "screeningAcc/4d34b2f1/fix_overlaps/0000/9f319d73294ec82ed2b92cce4fdd4244": 1, "screeningAcc/4d34b2f1/nvt_equil_gr/0000/28318eef21a78ea5a02a63d9f4e7484c": 1, "screeningAcc/4d34b2f1/em_grompp/0000/012cfa5b0cf8a02170bd1ca3decd787a": 1, "screeningAcc/4d34b2f1/mdrun_compre/0000/3a1496c21706c787ac7f4cef92bf2912": 1, "screeningAcc/4d34b2f1/shear_5nN_tr/0000/357d1d8fd2c21fffd2f9d5a3c50f688c": 1, "screeningAcc/4d34b2f1/shear_15nN_g/0000/fe52c0214c6aef4ca75c716e6bc024a2": 1, "screeningAcc/4d34b2f1/initialize_s/0000/c2b79b2c2c776090e9473135e5d5de48": 1, "screeningAcc/4d34b2f1/mdrun_shear_/0000/5562f9554a34b3c3c835413f53d2951a": 1, "screeningAcc/4d34b2f1/calc_frictio/0000/64c7715ac3fd95139e45c81a9a4b2515": 1, "screeningAcc/4d34b2f1/shear_5nN_xt/0000/1316a8fea6e69398c2c44e1bc1e627cf": 1, "screeningAcc/4d34b2f1/shear_25nN_x/0000/cc5dff8b7bf515b1fedcb48bdaaa4bb7": 1, "screeningAcc/4d34b2f1/mdrun_nvt/0000/e4e67e1b26dfc1388dab5a2b850f3ea2": 1, "screeningAcc/4d34b2f1/shear_25nN_g/0000/c2f676561d346bd99caec55ff02e3beb": 1, "screeningAcc/4d34b2f1/mdrun_shear_/0000/2b4ae45cd713058786682cb2e08797e4": 1, "screeningAcc/4d34b2f1/mdrun_shear_/0000/2e05e130e5e4e169f7d12ae19b638066": 1, "screeningAcc/4d34b2f1/compress_gro/0000/9c69f8748be1773a399244cd4ce134ce": 1, "screeningAcc/4d34b2f1/lmp_to_gmx/0000/9d866eb1dc08bb585710b765f9356cf0": 1}, "COF": 0.11159782568284685, "intercept": 6.120149157289676}