{"_status": {"screeningAcc/6e888f90/calc_cof/0000/84860aa25a929911ee18da4517534dac": 1, "screeningAcc/6e888f90/calc_frictio/0000/a3c576219570cecde02ddc6662980ef5": 1, "screeningAcc/6e888f90/shear_5nN_xt/0000/2f04bdde4c4501d164bc6489b02236c0": 1, "screeningAcc/6e888f90/shear_15nN_g/0000/9d8149d7922d35d566cad08b991c30d6": 1, "screeningAcc/6e888f90/shear_15nN_x/0000/cf7f0a51347aac22ef98903a5bef2620": 1, "screeningAcc/6e888f90/shear_25nN_t/0000/53ff7d2534fc7a3c6faefd906f2722b8": 1, "screeningAcc/6e888f90/mdrun_shear_/0000/be5bcd4fcd00f3429b96cf097c59662e": 1, "screeningAcc/6e888f90/mdrun_nvt/0000/d5c6323223e9b171089a0b7150328d12": 1, "screeningAcc/6e888f90/mdrun_compre/0000/16f4ada796da7beeb72a178340591bf3": 1, "screeningAcc/6e888f90/shear_15nN_t/0000/6adf37a0b85a7cfbacda181c3085699a": 1, "screeningAcc/6e888f90/shear_5nN_tr/0000/822bb971c43ea405e04b3c5ed8a60955": 1, "screeningAcc/6e888f90/shear_25nN_g/0000/cf49d07495bd2216f3acc36bab0b9241": 1, "screeningAcc/6e888f90/mdrun_shear_/0000/fa9db8700b0f6719fa9f824cb02bbc8c": 1, "screeningAcc/6e888f90/initialize_s/0000/916638e7fd8986dd5e4000e6b342f4c3": 1, "screeningAcc/6e888f90/shear_5nN_gr/0000/413a86ca5ec58f57cc6b09228c10f6b3": 1, "screeningAcc/6e888f90/lmp_to_gmx/0000/525ddd63d89f1e2b60c7e728a8a11629": 1, "screeningAcc/6e888f90/mdrun_em/0000/b4bcdee57af0549f59528aa3b3b7b519": 1, "screeningAcc/6e888f90/compress_gro/0000/12b0c1fef41e02f415d30e0a717341db": 1, "screeningAcc/6e888f90/mdrun_shear_/0000/8be06b98cfac1d26ea9005cefa8caa72": 1, "screeningAcc/6e888f90/em_grompp/0000/6210a22ab9260ea2c695ba4bfc997969": 1, "screeningAcc/6e888f90/shear_25nN_x/0000/4988feddde6e8b692921891a732c0a99": 1, "screeningAcc/6e888f90/fix_overlaps/0000/d8a02a2d84e4261573a2c3c821f619b6": 1, "screeningAcc/6e888f90/nvt_equil_gr/0000/68e267c9497d4d5d6037459f1aa330c7": 1}, "COF": 0.13928998407129523, "intercept": 1.6200665318745355}