{"_status": {"screeningAcc/bb23d9b4/mdrun_shear_/0000/839c8a84ee4e8c73591ca28f5b27b724": 1, "screeningAcc/bb23d9b4/initialize_s/0000/34fbfbbc6577ae1a2814fbdab6eb758f": 1, "screeningAcc/bb23d9b4/compress_gro/0000/bfdfafe866ed8caae056d128084c0eb7": 1, "screeningAcc/bb23d9b4/nvt_equil_gr/0000/58cfee0e25c828c2be3daac0f9efe1af": 1, "screeningAcc/bb23d9b4/shear_5nN_gr/0000/84b6b2c72e235aaf404f665282d7fe56": 1, "screeningAcc/bb23d9b4/shear_25nN_t/0000/7d8c3e879f6c7c1f9b72b944492a4e58": 1, "screeningAcc/bb23d9b4/shear_15nN_g/0000/25b2052ad67ff69953bd9429ad641237": 1, "screeningAcc/bb23d9b4/calc_frictio/0000/d1bb07b85ab7f94728adf5cd9e2a69c5": 1, "screeningAcc/bb23d9b4/mdrun_shear_/0000/e6e8aefef670e4e62d4ba2ec1e1ed75a": 1, "screeningAcc/bb23d9b4/shear_5nN_tr/0000/a61890a66efd356cacea1786da9c4570": 1, "screeningAcc/bb23d9b4/calc_cof/0000/2afdfae2efb95b351ceb7aa55e7d352e": 1, "screeningAcc/bb23d9b4/shear_25nN_x/0000/bd536aae63cc12ac009f9ff0a63f9fee": 1, "screeningAcc/bb23d9b4/mdrun_em/0000/4b0d4ab7a7b86990a12e131644de4b87": 1, "screeningAcc/bb23d9b4/fix_overlaps/0000/29acd95fd0c559db1142dec7316405bc": 1, "screeningAcc/bb23d9b4/shear_25nN_g/0000/8e0e6ad363fe1e96a3fe2f65b80fb965": 1, "screeningAcc/bb23d9b4/mdrun_compre/0000/c029d12440016c3536e8b8462fae6382": 1, "screeningAcc/bb23d9b4/shear_15nN_x/0000/a98989a5487fa7164a3ed67bbe5534f9": 1, "screeningAcc/bb23d9b4/shear_15nN_t/0000/95e1621bf545ec7c485bb267e74a12a8": 1, "screeningAcc/bb23d9b4/em_grompp/0000/2e3d705cf79e2b2ac8dc52d365eacd6d": 1, "screeningAcc/bb23d9b4/mdrun_nvt/0000/d11c852b9e7d04874d7ede7eea5d000f": 1, "screeningAcc/bb23d9b4/mdrun_shear_/0000/b3d038c59e5cb2390e9e92d817dc33aa": 1, "screeningAcc/bb23d9b4/lmp_to_gmx/0000/bdbae9a5373d43a719106038fe6a41d4": 1, "screeningAcc/bb23d9b4/shear_5nN_xt/0000/d230326357d27619b102fdcf7f3f88b0": 1}, "COF": 0.14179166526649623, "intercept": 2.10017259412747}