{"_status": {"screeningAcc/3b2f645b/fix_overlaps/0000/7ef189362209ec9f98b29c8a700bdf84": 1, "screeningAcc/3b2f645b/mdrun_nvt/0000/042321fcbd0440945471bf6ac221e191": 1, "screeningAcc/3b2f645b/initialize_s/0000/5fc6a24553e372f430a5975bb0d7221e": 1, "screeningAcc/3b2f645b/calc_cof/0000/c7259317929dd6797069d72cc601d833": 1, "screeningAcc/3b2f645b/shear_15nN_t/0000/23a822c4b9918628d3d3b5c9194b0231": 1, "screeningAcc/3b2f645b/shear_25nN_x/0000/e3656f69b373a8457b3ab16414700eaa": 1, "screeningAcc/3b2f645b/em_grompp/0000/1ac99588884f0de80d42ff816bb4247f": 1, "screeningAcc/3b2f645b/lmp_to_gmx/0000/c7c9eaa7b8f61169034908a4782504bd": 1, "screeningAcc/3b2f645b/mdrun_em/0000/3b0dcc06620b7f68bd2964fc7a6f78f8": 1, "screeningAcc/3b2f645b/mdrun_shear_/0000/91c1e9fdeaa55c3da3c7948998961627": 1, "screeningAcc/3b2f645b/mdrun_shear_/0000/ef1192c7709702d2f0545db1f8100d4a": 1, "screeningAcc/3b2f645b/shear_15nN_x/0000/1483b8a7db8d3ca39fd0def4ef534678": 1, "screeningAcc/3b2f645b/shear_15nN_g/0000/c29af57562b502eb9fe1798ebb4048fb": 1, "screeningAcc/3b2f645b/shear_5nN_gr/0000/6b05882bfa33f2062dd5ad1c7ecdb72f": 1, "screeningAcc/3b2f645b/shear_5nN_tr/0000/d38b197c8758c66b011ec1177b27b513": 1, "screeningAcc/3b2f645b/mdrun_compre/0000/6ff7ab939c4d5eacf9e05f8726ffa6f1": 1, "screeningAcc/3b2f645b/shear_25nN_t/0000/a957ae522548173efed17fc185b2df48": 1, "screeningAcc/3b2f645b/shear_5nN_xt/0000/a080c15ad2a1da42300b3e087478e749": 1, "screeningAcc/3b2f645b/nvt_equil_gr/0000/b359ea49049db8f84bb57373da946d60": 1, "screeningAcc/3b2f645b/compress_gro/0000/a12c8f51fda9c00a01ca58d775036736": 1, "screeningAcc/3b2f645b/mdrun_shear_/0000/609f8db60d427d2c742d30a53d0aa0f5": 1, "screeningAcc/3b2f645b/calc_frictio/0000/2b9c403c0cb6047a331bd31a8ca60d81": 1, "screeningAcc/3b2f645b/shear_25nN_g/0000/10fe45091f37d06d84af357457a24fbe": 1}, "COF": 0.1719618152595162, "intercept": -0.03726131056145077}