{"_status": {"screeningAcc/9d7e73e1/mdrun_em/0000/bcc2b7040ef17ff97332061e7163531c": 1, "screeningAcc/9d7e73e1/shear_5nN_xt/0000/90fe630a35301568b5e93010ddf5dcf8": 1, "screeningAcc/9d7e73e1/mdrun_shear_/0000/6c5aa693b014c572e0c4260f527f2e55": 1, "screeningAcc/9d7e73e1/compress_gro/0000/eb0e04d0632b2c94750802002a395f12": 1, "screeningAcc/9d7e73e1/calc_frictio/0000/43a21bc867071ca5bb54cec19c51f711": 1, "screeningAcc/9d7e73e1/em_grompp/0000/1626c495f90cd9699ca2800d23ea6b18": 1, "screeningAcc/9d7e73e1/shear_15nN_g/0000/a3e3c55fbdbca4c0765013ce7b805aa3": 1, "screeningAcc/9d7e73e1/shear_15nN_x/0000/385ad6a27fb7353355db8eddfe440d41": 1, "screeningAcc/9d7e73e1/shear_25nN_t/0000/2382e712c9eea610cefe151716af9844": 1, "screeningAcc/9d7e73e1/shear_5nN_gr/0000/01f7c49f979cc7ce4d176fa3d3dec309": 1, "screeningAcc/9d7e73e1/shear_25nN_x/0000/291d828860b03f28d1e6605a848256a1": 1, "screeningAcc/9d7e73e1/mdrun_shear_/0000/5829e80f40c93d0c83778a9e72ccd9be": 1, "screeningAcc/9d7e73e1/fix_overlaps/0000/996f9fdcaf07df6346e264f2594e1f04": 1, "screeningAcc/9d7e73e1/lmp_to_gmx/0000/c7924789129bb72d929f4f4e0bf751f5": 1, "screeningAcc/9d7e73e1/mdrun_compre/0000/9eb99bcbf5e60dca07c4ed01573a0b9b": 1, "screeningAcc/9d7e73e1/shear_15nN_t/0000/1b9e95990f408aa8ef06988782a413b9": 1, "screeningAcc/9d7e73e1/shear_25nN_g/0000/1f61af803744f5e1b895f50a0d4e98b8": 1, "screeningAcc/9d7e73e1/shear_5nN_tr/0000/8e35f332bae705aeff1297768112138b": 1, "screeningAcc/9d7e73e1/calc_cof/0000/634c056125bec10367d3edd9fbf8cfa6": 1, "screeningAcc/9d7e73e1/mdrun_shear_/0000/28140488fcba67e68d5c504923a60569": 1, "screeningAcc/9d7e73e1/mdrun_nvt/0000/28ad89ba81c1b294ec4990c7e9b99145": 1, "screeningAcc/9d7e73e1/nvt_equil_gr/0000/3b12cb3f834b7280789b61a57ddb055c": 1, "screeningAcc/9d7e73e1/initialize_s/0000/eeed9516432afdf99d5d66e3b7f9d482": 1}, "COF": 0.08840809716292314, "intercept": 6.607834078786787}