{"_status": {"screeningAcc/cff74fe8/mdrun_em/0000/45bb67da0f39ae2a18605f48e6f12d58": 1, "screeningAcc/cff74fe8/shear_5nN_gr/0000/ff0e74de0147bf944e309308ee4d6c7c": 1, "screeningAcc/cff74fe8/shear_5nN_tr/0000/4907f331d3fd5927220ab321b7e58aa6": 1, "screeningAcc/cff74fe8/mdrun_nvt/0000/4684a69ff4c11a654f22f8f4901126d6": 1, "screeningAcc/cff74fe8/compress_gro/0000/c27b8ac2672b266f93c2270a217228c3": 1, "screeningAcc/cff74fe8/mdrun_compre/0000/25f80fb7d947efff5648ee7ef1a0762f": 1, "screeningAcc/cff74fe8/shear_25nN_t/0000/b984517b18f3c801f398da9b72c93688": 1, "screeningAcc/cff74fe8/shear_25nN_g/0000/04eccac3dc7c347a264b2f55627ade31": 1, "screeningAcc/cff74fe8/mdrun_shear_/0000/ab0abc613741b33eb4bea9c055c25fae": 1, "screeningAcc/cff74fe8/em_grompp/0000/aec93c67475140e583209976fd8398e7": 1, "screeningAcc/cff74fe8/shear_15nN_x/0000/942a9213d6275a06b120bef9907636e2": 1, "screeningAcc/cff74fe8/shear_15nN_t/0000/ec7d622dff0fc5b35df053af21da3ea3": 1, "screeningAcc/cff74fe8/calc_frictio/0000/8c5b2464e65c87227306d591f4cb4a98": 1, "screeningAcc/cff74fe8/lmp_to_gmx/0000/d9a8a9c500a2b4dc303b8b78abd05fa3": 1, "screeningAcc/cff74fe8/shear_25nN_x/0000/41b3a6a45d368ad3b7334b32d0d871fd": 1, "screeningAcc/cff74fe8/calc_cof/0000/bc032cf3ecf089ce522ff4ecc9e355c6": 1, "screeningAcc/cff74fe8/fix_overlaps/0000/6dfce85a6b9ee8a9fd31ecb20aba8de0": 1, "screeningAcc/cff74fe8/mdrun_shear_/0000/20de42cf65d91b8fd473301ae0c5cfbb": 1, "screeningAcc/cff74fe8/initialize_s/0000/bda79c0fde09ee2091d0bdee9af8378b": 1, "screeningAcc/cff74fe8/shear_5nN_xt/0000/96f6032df27f153776d6c270c63374d4": 1, "screeningAcc/cff74fe8/shear_15nN_g/0000/30c8e38538cd36f5254643ad8e8c7c68": 1, "screeningAcc/cff74fe8/nvt_equil_gr/0000/0bdc05bfed6a34fa8f1fb08e3cc39627": 1, "screeningAcc/cff74fe8/mdrun_shear_/0000/0461699a1d1f2a6dc086b0d45805ed0b": 1}, "COF": 0.13104859556238135, "intercept": 0.32183894616342057}