{"_status": {"screeningAcc/1ac0b607/shear_15nN_g/0000/176d843e915bf59070c9edc44ccc1ee2": 1, "screeningAcc/1ac0b607/fix_overlaps/0000/809ac505f746e04d8fc817cc10e9704c": 1, "screeningAcc/1ac0b607/mdrun_shear_/0000/6589dea1c0eced8fa24f03c307951430": 1, "screeningAcc/1ac0b607/shear_5nN_tr/0000/b2e1b91b71a56f16174c5aaf7f26ad78": 1, "screeningAcc/1ac0b607/shear_15nN_x/0000/bf3d9c9b5ec5a0014661128b960608fd": 1, "screeningAcc/1ac0b607/nvt_equil_gr/0000/10f37b54573279c25bbba487207b5c0d": 1, "screeningAcc/1ac0b607/shear_5nN_xt/0000/fbcac64380c32cdf30ab8dc34ce66d17": 1, "screeningAcc/1ac0b607/em_grompp/0000/41a1074066558f61f9c50501d63e3315": 1, "screeningAcc/1ac0b607/mdrun_shear_/0000/ef1e8fb549c41e740dfdeaf8667c0b00": 1, "screeningAcc/1ac0b607/calc_cof/0000/54143968ab0393161c053f66ccd778f0": 1, "screeningAcc/1ac0b607/initialize_s/0000/c70524c645ac835a4c24d534d49f24b9": 1, "screeningAcc/1ac0b607/shear_25nN_g/0000/c71883f23931496f25d62794833273c5": 1, "screeningAcc/1ac0b607/calc_frictio/0000/3c695c456348d04337beb2a5f1be89c5": 1, "screeningAcc/1ac0b607/mdrun_nvt/0000/8d5ab07948bf8ff41792b228ab142217": 1, "screeningAcc/1ac0b607/mdrun_shear_/0000/53d07ecb3ed0a92057caef429b0e7310": 1, "screeningAcc/1ac0b607/compress_gro/0000/a571176f4c51884129a480b0f381019d": 1, "screeningAcc/1ac0b607/mdrun_compre/0000/c47512d332eb01a86a5ec4dc4e8ea310": 1, "screeningAcc/1ac0b607/shear_25nN_t/0000/8a34f9740f3fbefa057d1d3eba1b72f0": 1, "screeningAcc/1ac0b607/shear_15nN_t/0000/acf3bc13e080eda68162be3a1fd67513": 1, "screeningAcc/1ac0b607/shear_25nN_x/0000/235802e81f0181b3dc5c10fb7d3af193": 1, "screeningAcc/1ac0b607/shear_5nN_gr/0000/8788eba818ff5dffc0e735865ff52d0c": 1, "screeningAcc/1ac0b607/mdrun_em/0000/5b843552baf25d24a2b602850e9b7d11": 1, "screeningAcc/1ac0b607/lmp_to_gmx/0000/7986399315d783f612e4454549787097": 1}, "COF": 0.1562041169727337, "intercept": 0.12256872668664798}