{"_status": {"screeningAcc/0fbf7c69/lmp_to_gmx/0000/b31d301e5f8445883c8ba69e6cc20c77": 1, "screeningAcc/0fbf7c69/mdrun_shear_/0000/afcf5c9c47b89682b525f7de1476e4f5": 1, "screeningAcc/0fbf7c69/shear_5nN_tr/0000/ae4a1d84840f6731221e06c376486141": 1, "screeningAcc/0fbf7c69/calc_cof/0000/f211189e13a24a4dd1afd201c0fd86a2": 1, "screeningAcc/0fbf7c69/em_grompp/0000/64a31453ada6122d1b15960038c94aff": 1, "screeningAcc/0fbf7c69/shear_15nN_g/0000/4e8acd1a91fde55dd32c413c971dd754": 1, "screeningAcc/0fbf7c69/mdrun_shear_/0000/22df3b466c54677845e968f012fcbf4d": 1, "screeningAcc/0fbf7c69/shear_5nN_gr/0000/6affcd3b9f839afe320034f2753107fa": 1, "screeningAcc/0fbf7c69/compress_gro/0000/37b7cd1b528a1bf84b9db5b88d0fa964": 1, "screeningAcc/0fbf7c69/fix_overlaps/0000/6cb34fc831bdb132217e5a0e56f04e32": 1, "screeningAcc/0fbf7c69/shear_25nN_x/0000/9d113ff21178fbc3b846691af10d5299": 1, "screeningAcc/0fbf7c69/calc_frictio/0000/3eec19511f1d2909fe575c0b2231489e": 1, "screeningAcc/0fbf7c69/mdrun_compre/0000/f4fffb03f000a267de30b89901ef355f": 1, "screeningAcc/0fbf7c69/shear_15nN_x/0000/12ade1f655dfb8d3de5f1df0376895ac": 1, "screeningAcc/0fbf7c69/mdrun_shear_/0000/b2681d9b990be58e8b18d0ab22e34032": 1, "screeningAcc/0fbf7c69/shear_25nN_g/0000/c1e1ef515256fc90b97eca392460a278": 1, "screeningAcc/0fbf7c69/nvt_equil_gr/0000/64b318ab9842b00df7da0e6134448120": 1, "screeningAcc/0fbf7c69/shear_25nN_t/0000/14d8802c31bab734cd730df5f9fd56d3": 1, "screeningAcc/0fbf7c69/mdrun_em/0000/dfc84ac8a143d24819e60307bad9b613": 1, "screeningAcc/0fbf7c69/shear_5nN_xt/0000/b14b48a7bb75442553dd1f17b1fb84eb": 1, "screeningAcc/0fbf7c69/mdrun_nvt/0000/80d6e187f7313754e684394318b7cac5": 1, "screeningAcc/0fbf7c69/initialize_s/0000/6d746e7662fddf4866159784e23774d9": 1, "screeningAcc/0fbf7c69/shear_15nN_t/0000/186331320328984af32162e6985cdc05": 1}, "COF": 0.15020451274231597, "intercept": 1.2934440667533176}